,variant
869,D42G
882,D42Y
1085,R175V
1156,E224W
1588,E349G
1740,F385C
2313,G374P
2378,H297M
2410,H368G
2415,H368P
2433,H380P
2787,K320Q
2865,K370G
2871,K370P
2889,K372P
2907,K373P
2924,K381P
2960,K386P
3097,L188M
3351,L308Y
3420,L344T
3478,L369C
3482,L369G
3483,L369H
3485,L369K
3487,L369N
3490,L369S
3491,L369T
3492,L369V
3500,L383G
3505,L383P
3509,L383T
3513,L43A
3532,L369P
3733,M384P
3758,M40Y
4616,P4T
4797,P85E
4921,Q104D
5054,Q192R
5124,Q375P
5126,Q375S
5127,Q375T
5128,Q375V
5175,Q5L
5379,R248E
5511,R290N
5567,R333W
5629,R363K
5653,R379S
6010,S166A
6086,S33L
6103,S362K
6125,S366P
6135,S367F
6146,S367V
6150,S371C
6153,S371F
6156,S371I
6160,S371P
6163,S371T
6164,S371V
6178,S376P
6693,T304V
6742,T377P
6774,T387P
6790,T55M
6934,V173N
7104,V31G
7112,V31R
