,variant,iteration
0,S149D,1.0
1,A355K,1.0
2,V173N,1.0
3,Q16Y,1.0
4,G325W,1.0
5,D259G,1.0
6,E298D,1.0
7,A189F,1.0
8,V173L,1.0
9,L344N,1.0
10,R65Y,2.0
11,P60V,2.0
12,G117N,2.0
13,F134H,2.0
14,A138N,2.0
15,N30T,2.0
16,V73S,2.0
17,P12C,2.0
18,P191V,2.0
19,R290Y,2.0
20,P82H,3.0
21,V143I,3.0
22,A276R,3.0
23,C141T,3.0
24,S240K,3.0
25,K132H,3.0
26,L308I,3.0
27,A138V,3.0
28,P152C,3.0
29,K132S,3.0
30,E298V,4.0
31,K132L,4.0
32,S127A,4.0
33,M133V,4.0
34,F54M,4.0
35,Q144E,4.0
36,R282I,4.0
37,R282V,4.0
38,A129E,4.0
39,T387Y,4.0
